time,cpu@tsung_controller@ip-172-31-43-86 
0,5.484416270470153 
10,0.250501002004008 
20,0.7021063189568706 
30,1.1083123425692696 
40,4.614604462474645 
50,35.61643835616438 
60,44.43800695249131 
70,13.623354321694334 
80,8.354822073233626 
90,6.748768472906404 
100,7.110438729198185 
110,5.032712632108707 
120,3.701825557809331 
130,1.954887218045113 
140,0.2001000500250125 
142,0.050050050050050046 
