time,load@tsung_controller@ip-172-31-43-86 
0,0.0703125 
10,0.0703125 
20,0.0703125 
30,0.0703125 
40,0.0703125 
50,0.1015625 
60,0.390625 
70,0.48828125 
80,0.48828125 
90,0.48828125 
100,0.48828125 
110,0.51953125 
120,0.51953125 
130,0.51953125 
140,0.51953125 
142,0.51953125 
