time,load@tsung_controller@ip-172-31-32-26 
0,0.0 
10,0.078125 
20,0.140625 
30,0.12109375 
40,0.1015625 
50,0.46875 
60,0.3984375 
70,0.33984375 
80,0.2890625 
90,0.23828125 
100,0.19921875 
110,0.171875 
120,0.140625 
130,0.12109375 
140,0.1015625 
150,0.08984375 
160,0.0703125 
170,0.05859375 
180,0.05078125 
190,0.0390625 
200,0.0390625 
210,0.03125 
220,0.01953125 
230,0.01953125 
240,0.01953125 
250,0.01171875 
260,0.01171875 
270,0.01171875 
280,0.01171875 
287,0.01171875 
