time,cpu@tsung_controller@ip-172-31-43-86 
0,5.8715511388185915 
3,0.10015022533800699 
