time,request,connect 
0,164.36568844709504,3.8088646018932675 
3,0.0,0 
