time,size_sent,size_rcv 
0,9.02604166666667,119.072916666667 
3,10.7760416666667,147.856770833333 
