time,page 
0,2.66666666666667 
3,0.333333333333333 
