time,cpu@tsung_controller@ip-172-31-43-86 
0,0.333333333333333 
3,0.333333333333333 
