time,size_sent,size_rcv 
0,9.02604166666667,119.072916666667 
3,1.75,28.7838541666667 
