time,freemem@tsung_controller@ip-172-31-43-86 
0,680.546875 
3,680.546875 
