time,load@tsung_controller@ip-172-31-43-86 
0,0.05859375 
3,0.05859375 
