time,request,connect 
0,162.34675,4.071666666666666 
3,57.945,0 
