time,session 
44,0.0294117647058824 
54,0.0294117647058824 
64,0 
74,0.0882352941176471 
84,28 
94,27.3823529411765 
104,24.4117647058824 
114,9.17647058823529 
124,6.26470588235294 
134,4 
144,2.20588235294118 
154,2.58823529411765 
164,5.64705882352941 
174,5.05882352941176 
184,4.82352941176471 
194,5.29411764705882 
204,3.32352941176471 
214,1.38235294117647 
224,1.32352941176471 
232,1.73529411764706 
