time,freemem@tsung_controller@ip-172-31-42-147 
0,681.36328125 
10,680.69140625 
20,667.5546875 
30,647.44140625 
40,590.7265625 
50,430.57421875 
60,366.08984375 
70,357.6484375 
80,356.828125 
90,356.828125 
100,348.53515625 
110,330.19140625 
120,322.546875 
130,322.546875 
140,322.546875 
150,322.546875 
160,322.546875 
170,322.546875 
180,322.546875 
190,322.546875 
192,322.546875 
