time,cpu@tsung_controller@ip-172-31-43-86 
0,4.232995982210768 
10,4.232995982210768 
20,4.232995982210768 
30,4.232995982210768 
40,11.158594491927825 
50,43.486073674752916 
60,43.486073674752916 
70,43.486073674752916 
80,43.486073674752916 
90,43.486073674752916 
100,43.486073674752916 
110,43.486073674752916 
120,43.486073674752916 
130,43.486073674752916 
138,43.486073674752916 
