time,cpu@tsung_controller@ip-172-31-43-86 
0,4.232995982210768 
10,0.7466401194624191 
20,0.7466401194624191 
30,0.7466401194624191 
40,0.7466401194624191 
50,0.7466401194624191 
60,0.7466401194624191 
70,0.7466401194624191 
80,0.7466401194624191 
90,0.7466401194624191 
100,0.7466401194624191 
110,0.7466401194624191 
120,0.7466401194624191 
130,0.7466401194624191 
138,0.7466401194624191 
