time,cpu@tsung_controller@ip-172-31-42-147 
0,4.578128805539125 
10,0.25012506253126565 
20,2.144638403990025 
30,1.1976047904191618 
40,3.087649402390438 
50,19.715447154471544 
60,49.01315789473684 
70,24.72670484122853 
80,11.657648794884407 
90,8.317214700193423 
100,5.645557191948945 
110,3.338315894369706 
120,5.2737317930688095 
130,1.0542168674698795 
135,0.29985007496251875 
