time,cpu@tsung_controller@ip-172-31-42-147 
0,4.578128805539125 
10,4.578128805539125 
20,4.578128805539125 
30,4.578128805539125 
40,4.578128805539125 
50,19.715447154471544 
60,49.01315789473684 
70,49.01315789473684 
80,49.01315789473684 
90,49.01315789473684 
100,49.01315789473684 
110,49.01315789473684 
120,49.01315789473684 
130,49.01315789473684 
135,49.01315789473684 
