time,page 
0,115.32153571428572 
10,146.85303067484676 
20,764.1935734597154 
30,7140.2855590551135 
40,430.27520420656265 
50,1016.0738540308736 
60,2411.6254894757017 
70,5716.932217813061 
80,12877.414094276084 
90,28444.920564655167 
100,36843.13906299209 
110,24588.983530303067 
120,6012.485115875451 
130,25.721352159468502 
140,7.345604651162792 
141,0 
