time,cpu@tsung_controller@ip-172-31-44-72 
0,0.9106217565616307 
10,1.543824701195219 
20,1.8334985133795838 
30,6.256062075654705 
40,12.511671335200747 
50,57.0448307410796 
60,57.0448307410796 
70,57.0448307410796 
80,57.0448307410796 
90,57.0448307410796 
100,57.0448307410796 
110,57.0448307410796 
120,57.0448307410796 
130,57.0448307410796 
140,57.0448307410796 
141,57.0448307410796 
