time,load@tsung_controller@ip-172-31-42-147 
0,0.0 
10,0.0 
20,0.0 
30,0.0 
40,0.0703125 
50,0.37890625 
60,0.55859375 
70,0.78125 
80,0.8984375 
90,0.8984375 
100,0.8984375 
110,0.8984375 
120,0.8984375 
130,0.8984375 
140,0.8984375 
150,0.8984375 
160,0.8984375 
170,0.8984375 
180,0.8984375 
190,0.8984375 
200,0.8984375 
