time,session 
10,0 
20,0 
30,0 
40,0.0 
50,7127.039995350307 
60,6514.849673097971 
70,6533.847334541332 
80,7962.793333017595 
90,7384.299830115987 
100,7681.833883544682 
110,7507.267296947836 
120,7716.510359415164 
130,8422.302123485155 
140,8320.283813972686 
150,7584.7623381720105 
160,8308.32820592252 
170,8394.94490563047 
180,6798.831643737844 
190,6461.199604266607 
200,6203.008782678739 
