time,load@tsung_controller@ip-172-31-42-147 
0,0.0 
10,0.0 
20,0.0 
30,0.0 
40,0.0703125 
50,0.37890625 
60,0.55859375 
70,0.78125 
80,0.8984375 
90,0.76171875 
100,0.7890625 
110,0.671875 
120,0.640625 
130,0.5390625 
140,0.4609375 
150,0.46875 
160,0.3984375 
170,0.33984375 
180,0.28125 
190,0.3203125 
200,0.26953125 
