time,load@tsung_controller@ip-172-31-44-72 
0,0.21875 
10,0.1796875 
20,0.16015625 
30,0.16015625 
40,0.16015625 
50,0.16015625 
60,0.16015625 
70,0.16015625 
80,0.16015625 
90,0.16015625 
100,0.16015625 
110,0.16015625 
120,0.16015625 
130,0.16015625 
140,0.16015625 
141,0.16015625 
