time,cpu@tsung_controller@ip-172-31-44-72 
0,0.9106217565616307 
10,1.543824701195219 
20,1.8334985133795838 
30,6.256062075654705 
40,12.511671335200747 
50,57.0448307410796 
60,33.495360141405214 
70,17.4370709382151 
80,9.528392685274301 
90,5.782312925170068 
100,5.669599217986314 
110,4.362745098039215 
120,3.70004933399112 
130,11.22592766557069 
140,3.5096391497775583 
141,0.4491017964071856 
