time,cpu@tsung_controller@ip-172-31-43-86 
0,28.074309016764836 
10,0.29985007496251875 
20,0.29985007496251875 
30,0.29985007496251875 
40,0.29985007496251875 
50,0.29985007496251875 
60,0.29985007496251875 
70,0.29985007496251875 
80,0.29985007496251875 
90,0.29985007496251875 
100,0.29985007496251875 
110,0.29985007496251875 
120,0.29985007496251875 
130,0.29985007496251875 
140,0.29985007496251875 
142,0.050050050050050046 
