time,load@tsung_controller@ip-172-31-43-86 
0,0.37890625 
10,0.3203125 
20,0.26953125 
30,0.23046875 
40,0.19921875 
50,0.19921875 
60,0.19921875 
70,0.19921875 
80,0.19921875 
90,0.19921875 
100,0.19921875 
110,0.19921875 
120,0.19921875 
130,0.19921875 
140,0.19921875 
142,0.19921875 
