time,cpu@tsung_controller@ip-172-31-43-86 
0,5.484416270470153 
10,0.250501002004008 
20,0.250501002004008 
30,0.250501002004008 
40,0.250501002004008 
50,0.250501002004008 
60,0.250501002004008 
70,0.250501002004008 
80,0.250501002004008 
90,0.250501002004008 
100,0.250501002004008 
110,0.250501002004008 
120,0.250501002004008 
130,0.250501002004008 
140,0.2001000500250125 
142,0.050050050050050046 
