time,cpu@tsung_controller@ip-172-31-43-86 
0,5.484416270470153 
10,5.484416270470153 
20,5.484416270470153 
30,5.484416270470153 
40,5.484416270470153 
50,35.61643835616438 
60,44.43800695249131 
70,44.43800695249131 
80,44.43800695249131 
90,44.43800695249131 
100,44.43800695249131 
110,44.43800695249131 
120,44.43800695249131 
130,44.43800695249131 
140,44.43800695249131 
142,44.43800695249131 
