time,freemem@tsung_controller@ip-172-31-43-86 
0,686.78125 
10,684.69140625 
20,667.14453125 
30,639.66015625 
40,573.2421875 
50,378.48046875 
60,325.04296875 
70,312.828125 
80,309.33984375 
90,309.33984375 
100,309.33984375 
110,309.33984375 
120,309.33984375 
130,309.33984375 
140,309.33984375 
142,309.33984375 
