time,load@tsung_controller@ip-172-31-42-247 
0,0.0 
10,0.0 
20,0.0 
30,0.0 
40,0.0 
50,0.078125 
60,0.30078125 
70,0.3984375 
80,0.33984375 
90,0.37109375 
100,0.390625 
110,0.328125 
120,0.421875 
130,0.359375 
140,0.30078125 
150,0.25 
160,0.21875 
162,0.1796875 
