time,cpu@tsung_controller@ip-172-31-42-247 
0,1.9639603763253521 
10,0.3 
20,3.093812375249501 
30,1.660795168595873 
40,7.958984375 
50,32.624867162592984 
60,39.307851239669425 
70,20.343980343980345 
80,9.5734126984127 
90,7.655038759689922 
100,6.510034263338229 
110,3.260869565217391 
120,4.183070866141732 
130,5.862068965517241 
140,4.52511188463451 
150,0.45090180360721444 
160,0.10005002501250625 
162,0.1 
