time,cpu@tsung_controller@ip-172-31-43-86 
0,28.074309016764836 
10,0.29985007496251875 
20,1.0526315789473684 
30,1.4077425842131726 
40,4.675716440422323 
50,26.75222112537019 
60,41.17336152219873 
70,27.887617065556714 
80,16.773874319643742 
90,9.05905905905906 
100,7.688467299051423 
110,8.579881656804734 
120,8.75 
130,2.9903699949315765 
140,0.6509764646970456 
142,0.050050050050050046 
