time,freemem@tsung_controller@ip-172-31-43-86 
0,679.80859375 
10,679.171875 
20,658.484375 
30,629.5546875 
40,579.265625 
50,409.00390625 
60,285.79296875 
70,237.16796875 
80,237.16796875 
90,237.16796875 
100,237.16796875 
110,237.16796875 
120,237.16796875 
130,237.16796875 
140,237.16796875 
142,237.16796875 
