time,cpu@tsung_controller@ip-172-31-42-247 
0,1.9639603763253521 
10,0.3 
20,0.3 
30,0.3 
40,0.3 
50,0.3 
60,0.3 
70,0.3 
80,0.3 
90,0.3 
100,0.3 
110,0.3 
120,0.3 
130,0.3 
140,0.3 
150,0.3 
160,0.10005002501250625 
162,0.1 
